<?xml version="1.0" encoding="utf-8"?>
<lint>
    <issue id="AllowBackup" severity="ignore" />
    <issue id="CommitTransaction" severity="ignore" />
    <issue id="ContentDescription" severity="ignore" />
    <issue id="Deprecated" severity="ignore" />
    <issue id="DisableBaselineAlignment" severity="ignore" />
    <issue id="ExportedService" severity="ignore" />
    <issue id="HandlerLeak" severity="ignore" />
    <issue id="HardcodedText" severity="ignore" />
    <issue id="InefficientWeight" severity="ignore" />
    <issue id="InlinedApi" severity="ignore" />
    <issue id="NestedWeights" severity="ignore" />
    <issue id="NewApi" severity="ignore" />
    <issue id="Overdraw" severity="ignore" />
    <issue id="PxUsage" severity="ignore" />
    <issue id="Recycle" severity="ignore" />
    <issue id="Registered">
        <ignore path="src\com\immomo\momo\android\BaseWebActivity.java" />
    </issue>
    <issue id="ScrollViewSize" severity="ignore" />
    <issue id="SelectableText" severity="ignore" />
    <issue id="SetJavaScriptEnabled" severity="ignore" />
    <issue id="SimpleDateFormat" severity="ignore" />
    <issue id="SmallSp" severity="ignore" />
    <issue id="UnusedResources" severity="ignore" />
    <issue id="UseCompoundDrawables">
        <ignore path="res\layout\message_plug.xml" />
    </issue>
    <issue id="UselessLeaf" severity="ignore" />
    <issue id="UselessParent" severity="ignore" />
    <issue id="ValidFragment" severity="ignore" />
    <issue id="ViewConstructor" severity="ignore">
        <ignore path="src\com\immomo\momo\android\popupwindow\OtherFeedListPopupWindow.java" />
    </issue>
</lint>