[{"time":"07-10","content":"无聊啊无聊啊,天天在家呆着没意思,快疯了我真的快疯了","content_image":"nearby_people_1_1","site":"6.21km","comment_count":"8"},{"time":"07-09","content":"无聊啊,有谁和我聊聊天阿~","content_image":"nearby_people_1_2","site":"6.25km","comment_count":"4"},{"time":"05-01","content":"很快就到吃樱桃的季节了?[zem2][zem2]好开心啊,到时候又可以大吃一顿了","content_image":"nearby_people_1_3","site":"43.66km","comment_count":"7"},{"time":"04-27","content":"喜来登负一层,有来玩的联系我哦,优惠多多哦,大家来支持我把![zem1][zem1][zem1]","content_image":"nearby_people_1_4","site":"43.57km","comment_count":"6"}]