[{"time":"08-07","content":"这只是个测试账号,唉~愁人啊~~~","site":"0.21km","comment_count":"10"},{"time":"08-07","content":"这只是个测试账号,唉~愁人啊~~~","site":"0.21km","comment_count":"10"},{"time":"08-07","content":"这只是个测试账号,唉~愁人啊~~~","site":"0.21km","comment_count":"10"},{"time":"08-07","content":"这只是个测试账号,唉~愁人啊~~~","site":"0.21km","comment_count":"10"},{"time":"08-07","content":"这只是个测试账号,唉~愁人啊~~~","site":"0.21km","comment_count":"10"},{"time":"08-07","content":"这只是个测试账号,唉~愁人啊~~~","site":"0.21km","comment_count":"10"},{"time":"08-07","content":"这只是个测试账号,唉~愁人啊~~~","site":"0.21km","comment_count":"10"},{"time":"08-07","content":"这只是个测试账号,唉~愁人啊~~~","site":"0.21km","comment_count":"10"},{"time":"08-07","content":"这只是个测试账号,唉~愁人啊~~~","site":"0.21km","comment_count":"10"}]