[{"time":"07-14","content":"其实我想要的很简单,可惜你不懂","content_image":"nearby_people_4_1","site":"1.81km","comment_count":"20"},{"time":"07-14","content":"我挖的和大爷挖的,没法比阿[zem19]","content_image":"nearby_people_4_2","site":"27.47km","comment_count":"10"},{"time":"07-13","content":"还有六天,加油[zem25][zem25][zem25]","content_image":"nearby_people_4_3","site":"1.90km","comment_count":"12"},{"time":"07-13","content":"没有越狱的苹果四怎么拉黑电话?求助[zem19]","content_image":"nearby_people_4_4","site":"1.83km","comment_count":"34"},{"time":"07-11","content":"紫色玫瑰什么意思啊?","content_image":"nearby_people_4_5","site":"1.88km","comment_count":"13"},{"time":"07-10","content":"谁在关注个,不想要这个数字,数字强迫症","content_image":"nearby_people_4_6","site":"3.80km","comment_count":"11"},{"time":"07-10","content":"开会[zem9][zem9][zem9][zem9]找亮点","content_image":"nearby_people_4_7","site":"3.85km","comment_count":"13"},{"time":"07-09","content":"[zem19][zem19][zem19][zem19]","content_image":"nearby_people_4_8","site":"3.80km","comment_count":"10"},{"time":"07-02","content":"谁想要什么都找他吧","content_image":"nearby_people_4_9","site":"1.90km","comment_count":"10"},{"time":"06-28","content":"kun自己看吧","content_image":"nearby_people_4_10","site":"1.92km","comment_count":"13"}]