{"uid":"momo_p_other","avatar":"nearby_people_1","name":"测试用户","gender":"0","age":"23","constellation":"双子座","distance":"0.08km","time":"53分钟前","signature":{"sign":"这只是个测试账号,唉~愁人啊~~~","sign_dis":"0.21km"},"photos":["nearby_people_other_1","nearby_people_other_2","nearby_people_other_3","nearby_people_other_4","nearby_people_other_5","nearby_people_other_6","nearby_people_other_7","nearby_people_other_8","nearby_people_other_9","nearby_people_other_10","nearby_people_other_11","nearby_people_other_12","nearby_people_other_13","nearby_people_other_14","nearby_people_other_15","nearby_people_other_16","nearby_people_other_17"]}