[{"name":"测试姓名1","avatar":"nearby_people_1","content":"这里是测试评论1","time":"08-31"},{"name":"测试姓名2","avatar":"nearby_people_2","content":"这里是测试评论2","time":"08-31"},{"name":"测试姓名3","avatar":"nearby_people_3","content":"这里是测试评论3","time":"08-31"},{"name":"测试姓名4","avatar":"nearby_people_4","content":"这里是测试评论4","time":"08-31"},{"name":"测试姓名5","avatar":"nearby_people_5","content":"这里是测试评论5","time":"08-31"}]