[{"address":"同安路888号","distance":"0.09km","group_count":"3","groups":[{"avatar":"nearby_group_1","name":"℡一群二B的小青年","isNew":"0","isParty":"0","memberCount":"23","memberTotal":"30","isVip":"0","level":"1","sign":"℡进群请先仔细阅读本群群规"},{"avatar":"nearby_group_2","name":"在不聊Sao就老了","isNew":"1","isParty":"0","memberCount":"11","memberTotal":"20","isVip":"0","level":"0","sign":"漆黑的夜晚,各位菇娘大爷们,你们还在骚什么呢?"},{"avatar":"nearby_group_3","name":"青春","isNew":"1","isParty":"0","memberCount":"5","memberTotal":"20","isVip":"0","level":"0","sign":"蹦跶 蹦跶 溜达 溜达 出去走走 切克闹"}]},{"address":"大拇指商业广场","distance":"0.16km","group_count":"11","groups":[{"avatar":"nearby_group_4","name":"神侃,撒狼嘿吆","isNew":"0","isParty":"0","memberCount":"18","memberTotal":"50","isVip":"1","level":"1","sign":"神神侃于此,侃侃更健康！"},{"avatar":"nearby_group_5","name":"夜猫子娱乐聚集地四群","isNew":"0","isParty":"0","memberCount":"8","memberTotal":"50","isVip":"1","level":"1","sign":"欢迎加群"},{"avatar":"nearby_group_6","name":"丁锦昊到此一游","isNew":"0","isParty":"0","memberCount":"44","memberTotal":"50","isVip":"0","level":"3","sign":"大方漂亮可爱的女生还有帅气有气质的帅哥快来加入吧~!"},{"avatar":"nearby_group_7","name":"七零后","isNew":"0","isParty":"0","memberCount":"40","memberTotal":"40","isVip":"0","level":"2","sign":"欢迎七零后甚至六零后加入,畅聊属于我们的话题！"},{"avatar":"nearby_group_8","name":"无篮球,不兄弟!","isNew":"0","isParty":"0","memberCount":"16","memberTotal":"20","isVip":"0","level":"0","sign":"欢迎热爱篮球的人加入,周末组织篮球比赛~"},{"avatar":"nearby_group_9","name":"启明星游泳足球群","isNew":"0","isParty":"0","memberCount":"15","memberTotal":"30","isVip":"0","level":"1","sign":"哎,很高兴,哎,很开心"},{"avatar":"nearby_group_10","name":"平度人在青岛","isNew":"0","isParty":"0","memberCount":"15","memberTotal":"20","isVip":"0","level":"0","sign":"搭建互助交流平台,请文明使用语言"},{"avatar":"nearby_group_11","name":"英雄联盟/坑爹专属","isNew":"0","isParty":"0","memberCount":"13","memberTotal":"20","isVip":"0","level":"0","sign":"啦啦啦德玛西亚,啦啦啦撸啊撸,有小学生的存在么?"},{"avatar":"nearby_group_12","name":"妖怪哪里跑","isNew":"0","isParty":"0","memberCount":"12","memberTotal":"20","isVip":"0","level":"0","sign":"娱乐交友群,美女帅哥男女屌丝都欢迎"},{"avatar":"nearby_group_13","name":"再见″时光","isNew":"0","isParty":"0","memberCount":"8","memberTotal":"20","isVip":"0","level":"0","sign":"各种聊,各种嗨,无节操,无下限。"},{"avatar":"nearby_group_14","name":"不要脸的老撸","isNew":"1","isParty":"0","memberCount":"5","memberTotal":"20","isVip":"0","level":"0","sign":"进群就是一家人,楼主爱你们,么么哒"}]},{"address":"小埠东","distance":"0.35km","group_count":"2","groups":[{"avatar":"nearby_group_15","name":"冬","isNew":"0","isParty":"0","memberCount":"11","memberTotal":"20","isVip":"0","level":"0","sign":"大方漂亮的女生、帅气帅哥都来入群~"},{"avatar":"nearby_group_16","name":"(军)国之利剑-老兵驿站","isNew":"0","isParty":"0","memberCount":"9","memberTotal":"20","isVip":"0","level":"0","sign":"流血流汗不流泪,掉皮掉肉不掉队!"}]},{"address":"半岛传媒大厦","distance":"0.35km","group_count":"2","groups":[{"avatar":"nearby_group_17","name":"适龄好青年一起来相亲","isNew":"0","isParty":"0","memberCount":"21","memberTotal":"50","isVip":"1","level":"1","sign":"进群要求:1.适龄2.有工作收入"},{"avatar":"nearby_group_18","name":"秀色可餐","isNew":"0","isParty":"0","memberCount":"6","memberTotal":"20","isVip":"0","level":"0","sign":"人呐~就是喜欢说谎话!~"}]},{"address":"成盛花园","distance":"0.35km","group_count":"2","groups":[{"avatar":"nearby_group_19","name":"一起海钓","isNew":"0","isParty":"0","memberCount":"29","memberTotal":"30","isVip":"0","level":"1","sign":"海钓从这里开始,一起出海快乐海钓！"},{"avatar":"nearby_group_20","name":"美欧时尚","isNew":"0","isParty":"0","memberCount":"11","memberTotal":"20","isVip":"0","level":"0","sign":"大牌交流群,每天不定时更新分享欧美最新动态~"}]}]