[{"uid":"momo_p_001","avatar":"nearby_people_1","vip":"0","group_role":"0","industry":"艺","weibo":"0","tx_weibo":"0","renren":"0","device":"0","relation":"0","multipic":"1","name":"薰衣草的花语","gender":"0","age":"25","distance":"0.08km","time":"53分钟前","sign":"谁知道薰衣草的花语是什么啊?"},{"uid":"momo_p_002","avatar":"nearby_people_2","vip":"0","group_role":"2","industry":"学","weibo":"0","tx_weibo":"1","renren":"1","device":"0","relation":"0","multipic":"1","name":"小耳朵","gender":"0","age":"21","distance":"0.11km","time":"35分钟前","sign":""},{"uid":"momo_p_003","avatar":"nearby_people_3","vip":"0","group_role":"2","industry":"学","weibo":"0","tx_weibo":"0","renren":"0","device":"0","relation":"0","multipic":"1","name":"萧雅","gender":"0","age":"21","distance":"0.11km","time":"22分钟前","sign":"那都没有青岛好~!"},{"uid":"momo_p_004","avatar":"nearby_people_4","vip":"0","group_role":"2","industry":"","weibo":"0","tx_weibo":"0","renren":"0","device":"0","relation":"0","multipic":"1","name":"呼呼","gender":"0","age":"12","distance":"0.13km","time":"13分钟前","sign":"以前爱他,现在爱它。"},{"uid":"momo_p_005","avatar":"nearby_people_5","vip":"0","group_role":"2","industry":"","weibo":"0","tx_weibo":"0","renren":"0","device":"0","relation":"0","multipic":"1","name":"檐前听雨","gender":"0","age":"27","distance":"0.16km","time":"30分钟前","sign":"美人一笑'只为英雄'箫声断"},{"uid":"momo_p_006","avatar":"nearby_people_6","vip":"0","group_role":"0","industry":"","weibo":"0","tx_weibo":"0","renren":"0","device":"0","relation":"0","multipic":"1","name":"菲","gender":"0","age":"27","distance":"0.29km","time":"30分钟前","sign":"女人最完美的状态,公主的外表"},{"uid":"momo_p_007","avatar":"nearby_people_7","vip":"0","group_role":"0","industry":"","weibo":"0","tx_weibo":"0","renren":"0","device":"0","relation":"0","multipic":"0","name":"无他无爱mmmm*","gender":"0","age":"18","distance":"0.29","time":"30分钟前","sign":"……………"},{"uid":"momo_p_008","avatar":"nearby_people_8","vip":"0","group_role":"0","industry":"","weibo":"0","tx_weibo":"0","renren":"0","device":"0","relation":"0","multipic":"1","name":"路人甲","gender":"0","age":"23","distance":"0.30km","time":"38分钟前","sign":"岁月静好,现世安稳。"},{"uid":"momo_p_009","avatar":"nearby_people_9","vip":"0","group_role":"1","industry":"商","weibo":"0","tx_weibo":"0","renren":"1","device":"0","relation":"0","multipic":"1","name":"Queen","gender":"0","age":"25","distance":"0.32km","time":"2分钟前","sign":"爱奥尼克装饰工程有限公司"},{"uid":"momo_p_010","avatar":"nearby_people_10","vip":"1","group_role":"2","industry":"医","weibo":"0","tx_weibo":"1","renren":"1","device":"0","relation":"0","multipic":"1","name":"优优。","gender":"0","age":"90","distance":"0.41km","time":"9分钟前","sign":"如果你喜欢短头发的女生,那你看到长头发漂亮的女生会怎么样?"},{"uid":"momo_p_011","avatar":"nearby_people_11","vip":"0","group_role":"2","industry":"","weibo":"0","tx_weibo":"0","renren":"0","device":"0","relation":"0","multipic":"1","name":"绚","gender":"0","age":"25","distance":"0.37km","time":"16分钟前","sign":"尽力而为,量力而行。"},{"uid":"momo_p_012","avatar":"nearby_people_12","vip":"0","group_role":"1","industry":"学","weibo":"1","tx_weibo":"0","renren":"0","device":"0","relation":"0","multipic":"1","name":"小妞儿","gender":"0","age":"18","distance":"0.49km","time":"6分钟前","sign":"We don't need you anymore"}]